{"accuracy": 0.9969909729187563, "precision": 0.9963939437359698, "recall": 0.9969909729187563, "FPR": 0.0, "auc": 0.3163845781700724}